STATE,STATENAME,ST_CASE,PEDS,PERNOTMVIT,VE_TOTAL,VE_FORMS,PVH_INVL,PERSONS,PERMVIT,COUNTY,COUNTYNAME,CITY,CITYNAME,MONTH,MONTHNAME,DAY,DAYNAME,DAY_WEEK,DAY_WEEKNAME,YEAR,HOUR,HOURNAME,MINUTE,MINUTENAME,TWAY_ID,TWAY_ID2,ROUTE,ROUTENAME,RUR_URB,RUR_URBNAME,FUNC_SYS,FUNC_SYSNAME,RD_OWNER,RD_OWNERNAME,NHS,NHSNAME,SP_JUR,SP_JURNAME,MILEPT,MILEPTNAME,LATITUDE,LATITUDENAME,LONGITUD,LONGITUDNAME,HARM_EV,HARM_EVNAME,MAN_COLL,MAN_COLLNAME,RELJCT1,RELJCT1NAME,RELJCT2,RELJCT2NAME,TYP_INT,TYP_INTNAME,REL_ROAD,REL_ROADNAME,WRK_ZONE,WRK_ZONENAME,LGT_COND,LGT_CONDNAME,WEATHER,WEATHERNAME,SCH_BUS,SCH_BUSNAME,RAIL,RAILNAME,NOT_HOUR,NOT_HOURNAME,NOT_MIN,NOT_MINNAME,ARR_HOUR,ARR_HOURNAME,ARR_MIN,ARR_MINNAME,HOSP_HR,HOSP_HRNAME,HOSP_MN,HOSP_MNNAME,FATALS
32,Nevada,320106,0,0,1,1,0,1,1,3,CLARK (3),0,NOT APPLICABLE,4,April,23,23,7,Saturday,2022,6,6:00am-6:59am,30,30,I-15N,NA,1,Interstate,2,Urban,1,Interstate,1,State Highway Agency,1,This section IS ON the NHS,0,No Special Jurisdiction,270,270,35.949775,35.949775,-115.18221389,-115.18221389,31,"Post, Pole or Other Supports",0,The First Harmful Event was Not a Collision with a Motor Vehicle in Transport,0,No,1,Non-Junction,1,Not an Intersection,3,On Median,0,None,4,Dawn,1,Clear,0,No,0000000,Not Applicable,99,Unknown,98,Unknown if Notified,99,Unknown EMS Scene Arrival Hour,98,Unknown if Arrived,88,Not Applicable (Not Transported),88,Not Applicable (Not Transported),1
32,Nevada,320107,0,0,1,1,0,2,2,3,CLARK (3),0,NOT APPLICABLE,5,May,24,24,3,Tuesday,2022,5,5:00am-5:59am,16,16,S JONES BLVD,FLAMINGO RD,8,Other,2,Urban,4,Minor Arterial,2,County Highway Agency,0,This section IS NOT on the NHS,0,No Special Jurisdiction,99998,Not Reported,36.11479722,36.11479722,-115.22485278,-115.22485278,33,Curb,0,The First Harmful Event was Not a Collision with a Motor Vehicle in Transport,0,No,3,Intersection-Related,2,Four-Way Intersection,3,On Median,0,None,4,Dawn,1,Clear,0,No,0000000,Not Applicable,5,5:00am-5:59am,17,17,5,5:00am-5:59am,30,30,5,5:00am-5:59am,41,41,2
32,Nevada,320108,0,0,2,2,0,2,2,31,WASHOE (31),190,SPARKS,4,April,30,30,7,Saturday,2022,17,5:00pm-5:59pm,3,3,I-80 W,NA,1,Interstate,2,Urban,1,Interstate,1,State Highway Agency,1,This section IS ON the NHS,0,No Special Jurisdiction,210,210,39.52697778,39.52697778,-119.70343333,-119.70343333,12,Motor Vehicle In-Transport,7,Sideswipe - Same Direction,1,Yes,5,Entrance/Exit Ramp Related,1,Not an Intersection,1,On Roadway,0,None,1,Daylight,1,Clear,0,No,0000000,Not Applicable,99,Unknown,99,Unknown,99,Unknown EMS Scene Arrival Hour,99,Unknown EMS Scene Arrival Minutes,99,Unknown,99,Unknown EMS Hospital Arrival Time,1
32,Nevada,320109,0,0,2,2,0,2,2,31,WASHOE (31),0,NOT APPLICABLE,5,May,7,7,7,Saturday,2022,16,4:00pm-4:59pm,11,11,I-80E,NA,1,Interstate,1,Rural,1,Interstate,1,State Highway Agency,1,This section IS ON the NHS,0,No Special Jurisdiction,430,430,39.60624444,39.60624444,-119.32510833,-119.32510833,12,Motor Vehicle In-Transport,2,Front-to-Front,0,No,1,Non-Junction,1,Not an Intersection,1,On Roadway,0,None,1,Daylight,1,Clear,0,No,0000000,Not Applicable,99,Unknown,99,Unknown,99,Unknown EMS Scene Arrival Hour,99,Unknown EMS Scene Arrival Minutes,99,Unknown,99,Unknown EMS Hospital Arrival Time,1
32,Nevada,320110,0,0,1,1,0,1,1,5,DOUGLAS (5),0,NOT APPLICABLE,5,May,24,24,3,Tuesday,2022,20,8:00pm-8:59pm,25,25,BENTLY PKWY,NA,8,Other,1,Rural,7,Local,26,Private (other than Railroad),0,This section IS NOT on the NHS,0,No Special Jurisdiction,99998,Not Reported,38.95582222,38.95582222,-119.72480833,-119.72480833,42,Tree (Standing Only),0,The First Harmful Event was Not a Collision with a Motor Vehicle in Transport,0,No,1,Non-Junction,1,Not an Intersection,4,On Roadside,0,None,3,Dark - Lighted,1,Clear,0,No,0000000,Not Applicable,99,Unknown,98,Unknown if Notified,99,Unknown EMS Scene Arrival Hour,98,Unknown if Arrived,88,Not Applicable (Not Transported),88,Not Applicable (Not Transported),1
32,Nevada,320111,0,0,1,1,0,1,1,5,DOUGLAS (5),0,NOT APPLICABLE,5,May,21,21,7,Saturday,2022,15,3:00pm-3:59pm,45,45,OLD HWY 50,NA,8,Other,1,Rural,7,Local,25,Other Local Agency,0,This section IS NOT on the NHS,0,No Special Jurisdiction,99998,Not Reported,39.087325,39.087325,-119.92825278,-119.92825278,1,Rollover/Overturn,0,The First Harmful Event was Not a Collision with a Motor Vehicle in Transport,0,No,1,Non-Junction,1,Not an Intersection,5,Outside Trafficway,0,None,1,Daylight,1,Clear,0,No,0000000,Not Applicable,99,Unknown,98,Unknown if Notified,99,Unknown EMS Scene Arrival Hour,98,Unknown if Arrived,88,Not Applicable (Not Transported),88,Not Applicable (Not Transported),1
32,Nevada,320112,0,0,1,1,0,1,1,31,WASHOE (31),0,NOT APPLICABLE,5,May,26,26,5,Thursday,2022,3,3:00am-3:59am,15,15,I-80E,NA,1,Interstate,2,Urban,1,Interstate,1,State Highway Agency,1,This section IS ON the NHS,0,No Special Jurisdiction,110,110,39.52493333,39.52493333,-119.86076667,-119.86076667,31,"Post, Pole or Other Supports",0,The First Harmful Event was Not a Collision with a Motor Vehicle in Transport,0,No,1,Non-Junction,1,Not an Intersection,3,On Median,0,None,3,Dark - Lighted,1,Clear,0,No,0000000,Not Applicable,99,Unknown,98,Unknown if Notified,99,Unknown EMS Scene Arrival Hour,98,Unknown if Arrived,88,Not Applicable (Not Transported),88,Not Applicable (Not Transported),1
32,Nevada,320113,0,0,2,2,0,2,2,3,CLARK (3),0,NOT APPLICABLE,5,May,28,28,7,Saturday,2022,13,1:00pm-1:59pm,22,22,ALTO AVE,RINGE LN,8,Other,2,Urban,6,Minor Collector,2,County Highway Agency,0,This section IS NOT on the NHS,0,No Special Jurisdiction,99998,Not Reported,36.21095278,36.21095278,-115.05996389,-115.05996389,12,Motor Vehicle In-Transport,6,Angle,0,No,2,Intersection,3,T-Intersection,1,On Roadway,0,None,1,Daylight,1,Clear,0,No,0000000,Not Applicable,99,Unknown,99,Unknown,99,Unknown EMS Scene Arrival Hour,99,Unknown EMS Scene Arrival Minutes,99,Unknown,99,Unknown EMS Hospital Arrival Time,1
32,Nevada,320114,0,0,2,2,0,3,3,3,CLARK (3),120,LAS VEGAS,5,May,28,28,7,Saturday,2022,15,3:00pm-3:59pm,12,12,SKYE CANYON PARK DR,IRON MOUNTAIN RD,8,Other,2,Urban,6,Minor Collector,4,City or Municipal Highway Agency,0,This section IS NOT on the NHS,0,No Special Jurisdiction,99998,Not Reported,36.32133611,36.32133611,-115.29666667,-115.29666667,1,Rollover/Overturn,0,The First Harmful Event was Not a Collision with a Motor Vehicle in Transport,0,No,2,Intersection,2,Four-Way Intersection,1,On Roadway,0,None,1,Daylight,10,Cloudy,0,No,0000000,Not Applicable,99,Unknown,99,Unknown,99,Unknown EMS Scene Arrival Hour,99,Unknown EMS Scene Arrival Minutes,88,Not Applicable (Not Transported),88,Not Applicable (Not Transported),1
32,Nevada,320116,0,0,1,1,0,1,1,3,CLARK (3),0,NOT APPLICABLE,5,May,26,26,5,Thursday,2022,21,9:00pm-9:59pm,33,33,STEWART AVE,NA,8,Other,2,Urban,6,Minor Collector,4,City or Municipal Highway Agency,0,This section IS NOT on the NHS,0,No Special Jurisdiction,99998,Not Reported,36.16639167,36.16639167,-115.12674167,-115.12674167,33,Curb,0,The First Harmful Event was Not a Collision with a Motor Vehicle in Transport,0,No,1,Non-Junction,1,Not an Intersection,4,On Roadside,0,None,3,Dark - Lighted,10,Cloudy,0,No,0000000,Not Applicable,99,Unknown,99,Unknown,99,Unknown EMS Scene Arrival Hour,99,Unknown EMS Scene Arrival Minutes,88,Not Applicable (Not Transported),88,Not Applicable (Not Transported),1
32,Nevada,320117,0,0,2,2,0,5,5,3,CLARK (3),120,LAS VEGAS,6,June,1,1,4,Wednesday,2022,4,4:00am-4:59am,0,0,W CENTENNIAL PKWY,N SHAUMBER RD,8,Other,2,Urban,7,Local,4,City or Municipal Highway Agency,0,This section IS NOT on the NHS,0,No Special Jurisdiction,99998,Not Reported,36.27718889,36.27718889,-115.32886111,-115.32886111,12,Motor Vehicle In-Transport,6,Angle,0,No,2,Intersection,2,Four-Way Intersection,1,On Roadway,0,None,3,Dark - Lighted,1,Clear,0,No,0000000,Not Applicable,99,Unknown,99,Unknown,99,Unknown EMS Scene Arrival Hour,99,Unknown EMS Scene Arrival Minutes,99,Unknown,99,Unknown EMS Hospital Arrival Time,1
32,Nevada,320118,0,0,2,2,0,2,2,3,CLARK (3),0,NOT APPLICABLE,6,June,3,3,6,Friday,2022,12,12:00pm-12:59pm,20,20,S TOWN CENTER DR,GARDEN MIST DR,8,Other,2,Urban,4,Minor Arterial,2,County Highway Agency,0,This section IS NOT on the NHS,0,No Special Jurisdiction,99998,Not Reported,36.12540833,36.12540833,-115.32439167,-115.32439167,12,Motor Vehicle In-Transport,6,Angle,0,No,2,Intersection,2,Four-Way Intersection,1,On Roadway,0,None,1,Daylight,1,Clear,0,No,0000000,Not Applicable,99,Unknown,99,Unknown,99,Unknown EMS Scene Arrival Hour,99,Unknown EMS Scene Arrival Minutes,88,Not Applicable (Not Transported),88,Not Applicable (Not Transported),1
32,Nevada,320119,0,0,3,3,0,5,5,3,CLARK (3),0,NOT APPLICABLE,6,June,4,4,7,Saturday,2022,19,7:00pm-7:59pm,15,15,SR-599,TURQUOISE RD,3,State Highway,2,Urban,3,Principal Arterial - Other,1,State Highway Agency,1,This section IS ON the NHS,0,No Special Jurisdiction,99998,Not Reported,36.18731111,36.18731111,-115.18473889,-115.18473889,12,Motor Vehicle In-Transport,6,Angle,0,No,2,Intersection,2,Four-Way Intersection,1,On Roadway,0,None,1,Daylight,1,Clear,0,No,0000000,Not Applicable,99,Unknown,99,Unknown,99,Unknown EMS Scene Arrival Hour,99,Unknown EMS Scene Arrival Minutes,88,Not Applicable (Not Transported),88,Not Applicable (Not Transported),1
32,Nevada,320120,0,0,1,1,0,1,1,3,CLARK (3),0,NOT APPLICABLE,5,May,30,30,2,Monday,2022,16,4:00pm-4:59pm,1,1,E DESERT INN RD,ARAPAHO CIR,8,Other,2,Urban,4,Minor Arterial,2,County Highway Agency,0,This section IS NOT on the NHS,0,No Special Jurisdiction,99998,Not Reported,36.12991389,36.12991389,-115.13357778,-115.13357778,33,Curb,0,The First Harmful Event was Not a Collision with a Motor Vehicle in Transport,0,No,3,Intersection-Related,3,T-Intersection,4,On Roadside,0,None,1,Daylight,1,Clear,0,No,0000000,Not Applicable,99,Unknown,99,Unknown,99,Unknown EMS Scene Arrival Hour,99,Unknown EMS Scene Arrival Minutes,88,Not Applicable (Not Transported),88,Not Applicable (Not Transported),1
32,Nevada,320121,1,1,1,1,0,2,2,3,CLARK (3),0,NOT APPLICABLE,6,June,7,7,3,Tuesday,2022,2,2:00am-2:59am,5,5,SR-604,N LAMB BLVD,3,State Highway,2,Urban,4,Minor Arterial,1,State Highway Agency,0,This section IS NOT on the NHS,0,No Special Jurisdiction,99998,Not Reported,36.22528611,36.22528611,-115.08028056,-115.08028056,8,Pedestrian,0,The First Harmful Event was Not a Collision with a Motor Vehicle in Transport,0,No,3,Intersection-Related,2,Four-Way Intersection,1,On Roadway,0,None,3,Dark - Lighted,1,Clear,0,No,0000000,Not Applicable,99,Unknown,99,Unknown,99,Unknown EMS Scene Arrival Hour,99,Unknown EMS Scene Arrival Minutes,88,Not Applicable (Not Transported),88,Not Applicable (Not Transported),1
32,Nevada,320122,1,1,1,1,0,1,1,3,CLARK (3),0,NOT APPLICABLE,3,March,9,9,4,Wednesday,2022,6,6:00am-6:59am,11,11,SR-163,NA,3,State Highway,2,Urban,4,Minor Arterial,1,State Highway Agency,0,This section IS NOT on the NHS,0,No Special Jurisdiction,140,140,35.19508611,35.19508611,-114.645425,-114.645425,8,Pedestrian,0,The First Harmful Event was Not a Collision with a Motor Vehicle in Transport,0,No,1,Non-Junction,1,Not an Intersection,1,On Roadway,0,None,2,Dark - Not Lighted,1,Clear,0,No,0000000,Not Applicable,99,Unknown,98,Unknown if Notified,99,Unknown EMS Scene Arrival Hour,98,Unknown if Arrived,88,Not Applicable (Not Transported),88,Not Applicable (Not Transported),1
32,Nevada,320123,0,0,2,2,0,3,3,3,CLARK (3),120,LAS VEGAS,6,June,4,4,7,Saturday,2022,17,5:00pm-5:59pm,33,33,SR-95,NA,3,State Highway,2,Urban,3,Principal Arterial - Other,1,State Highway Agency,1,This section IS ON the NHS,0,No Special Jurisdiction,99998,Not Reported,36.22558056,36.22558056,-115.21974444,-115.21974444,12,Motor Vehicle In-Transport,6,Angle,0,No,8,Driveway Access Related,1,Not an Intersection,1,On Roadway,0,None,1,Daylight,1,Clear,0,No,0000000,Not Applicable,17,5:00pm-5:59pm,34,34,17,5:00pm-5:59pm,40,40,17,5:00pm-5:59pm,55,55,1
32,Nevada,320124,1,1,1,1,0,1,1,3,CLARK (3),0,NOT APPLICABLE,6,June,7,7,3,Tuesday,2022,22,10:00pm-10:59pm,25,25,S MARYLAND PKWY,NA,8,Other,2,Urban,4,Minor Arterial,2,County Highway Agency,0,This section IS NOT on the NHS,0,No Special Jurisdiction,99998,Not Reported,36.09696944,36.09696944,-115.13696389,-115.13696389,8,Pedestrian,0,The First Harmful Event was Not a Collision with a Motor Vehicle in Transport,0,No,1,Non-Junction,1,Not an Intersection,1,On Roadway,0,None,3,Dark - Lighted,1,Clear,0,No,0000000,Not Applicable,99,Unknown,99,Unknown,99,Unknown EMS Scene Arrival Hour,99,Unknown EMS Scene Arrival Minutes,88,Not Applicable (Not Transported),88,Not Applicable (Not Transported),1
32,Nevada,320125,0,0,1,1,0,1,1,3,CLARK (3),0,NOT APPLICABLE,5,May,16,16,2,Monday,2022,17,5:00pm-5:59pm,37,37,E WARM SPRINGS RD,NA,8,Other,2,Urban,4,Minor Arterial,2,County Highway Agency,0,This section IS NOT on the NHS,0,No Special Jurisdiction,99998,Not Reported,36.05708889,36.05708889,-115.10833333,-115.10833333,33,Curb,0,The First Harmful Event was Not a Collision with a Motor Vehicle in Transport,0,No,1,Non-Junction,1,Not an Intersection,4,On Roadside,0,None,1,Daylight,1,Clear,0,No,0000000,Not Applicable,17,5:00pm-5:59pm,39,39,17,5:00pm-5:59pm,42,42,18,6:00pm-6:59pm,11,11,1
32,Nevada,320126,0,0,2,2,0,2,2,3,CLARK (3),0,NOT APPLICABLE,6,June,10,10,6,Friday,2022,11,11:00am-11:59am,0,0,W CHARLESTON BLVD,NA,8,Other,2,Urban,4,Minor Arterial,4,City or Municipal Highway Agency,0,This section IS NOT on the NHS,0,No Special Jurisdiction,99998,Not Reported,36.15898889,36.15898889,-115.27653611,-115.27653611,12,Motor Vehicle In-Transport,2,Front-to-Front,0,No,1,Non-Junction,1,Not an Intersection,1,On Roadway,0,None,1,Daylight,1,Clear,0,No,0000000,Not Applicable,99,Unknown,99,Unknown,99,Unknown EMS Scene Arrival Hour,99,Unknown EMS Scene Arrival Minutes,99,Unknown,99,Unknown EMS Hospital Arrival Time,1
32,Nevada,320127,0,0,2,2,0,2,2,3,CLARK (3),120,LAS VEGAS,6,June,12,12,1,Sunday,2022,22,10:00pm-10:59pm,42,42,N RAINBOW BLVD,NA,8,Other,2,Urban,4,Minor Arterial,4,City or Municipal Highway Agency,0,This section IS NOT on the NHS,0,No Special Jurisdiction,99998,Not Reported,36.20515556,36.20515556,-115.24236111,-115.24236111,12,Motor Vehicle In-Transport,6,Angle,0,No,8,Driveway Access Related,1,Not an Intersection,1,On Roadway,0,None,3,Dark - Lighted,1,Clear,0,No,0000000,Not Applicable,22,10:00pm-10:59pm,43,43,22,10:00pm-10:59pm,47,47,23,11:00pm-11:59pm,0,0,1
32,Nevada,320128,0,0,1,1,0,2,2,3,CLARK (3),0,NOT APPLICABLE,6,June,10,10,6,Friday,2022,10,10:00am-10:59am,28,28,SR-160,NA,3,State Highway,2,Urban,3,Principal Arterial - Other,1,State Highway Agency,1,This section IS ON the NHS,0,No Special Jurisdiction,99998,Not Reported,36.01868333,36.01868333,-115.41758889,-115.41758889,43,Other Fixed Object,0,The First Harmful Event was Not a Collision with a Motor Vehicle in Transport,0,No,1,Non-Junction,1,Not an Intersection,4,On Roadside,0,None,1,Daylight,1,Clear,0,No,0000000,Not Applicable,99,Unknown,99,Unknown,99,Unknown EMS Scene Arrival Hour,99,Unknown EMS Scene Arrival Minutes,99,Unknown,99,Unknown EMS Hospital Arrival Time,1
32,Nevada,320129,0,0,2,2,0,2,2,3,CLARK (3),110,HENDERSON,5,May,2,2,2,Monday,2022,9,9:00am-9:59am,39,39,AMERICAN PACIFIC DR,N STEPHANIE ST,8,Other,2,Urban,6,Minor Collector,4,City or Municipal Highway Agency,0,This section IS NOT on the NHS,0,No Special Jurisdiction,99998,Not Reported,36.04176667,36.04176667,-115.04688333,-115.04688333,12,Motor Vehicle In-Transport,6,Angle,0,No,2,Intersection,2,Four-Way Intersection,1,On Roadway,0,None,1,Daylight,1,Clear,0,No,0000000,Not Applicable,99,Unknown,99,Unknown,99,Unknown EMS Scene Arrival Hour,99,Unknown EMS Scene Arrival Minutes,99,Unknown,99,Unknown EMS Hospital Arrival Time,1
32,Nevada,320130,0,0,4,4,0,4,4,31,WASHOE (31),0,NOT APPLICABLE,6,June,6,6,2,Monday,2022,7,7:00am-7:59am,25,25,I-80W,NA,1,Interstate,1,Rural,1,Interstate,1,State Highway Agency,1,This section IS ON the NHS,0,No Special Jurisdiction,270,270,39.54721944,39.54721944,-119.58711667,-119.58711667,12,Motor Vehicle In-Transport,1,Front-to-Rear,0,No,1,Non-Junction,1,Not an Intersection,1,On Roadway,0,None,1,Daylight,1,Clear,0,No,0000000,Not Applicable,99,Unknown,99,Unknown,99,Unknown EMS Scene Arrival Hour,99,Unknown EMS Scene Arrival Minutes,99,Unknown,99,Unknown EMS Hospital Arrival Time,1
32,Nevada,320131,0,0,1,1,0,1,1,19,LYON (19),0,NOT APPLICABLE,6,June,1,1,4,Wednesday,2022,15,3:00pm-3:59pm,51,51,US-95A,NA,2,US Highway,1,Rural,4,Minor Arterial,1,State Highway Agency,0,This section IS NOT on the NHS,0,No Special Jurisdiction,99998,Not Reported,39.17899722,39.17899722,-119.20804167,-119.20804167,31,"Post, Pole or Other Supports",0,The First Harmful Event was Not a Collision with a Motor Vehicle in Transport,0,No,1,Non-Junction,1,Not an Intersection,4,On Roadside,0,None,1,Daylight,1,Clear,0,No,0000000,Not Applicable,99,Unknown,98,Unknown if Notified,99,Unknown EMS Scene Arrival Hour,98,Unknown if Arrived,88,Not Applicable (Not Transported),88,Not Applicable (Not Transported),1
32,Nevada,320132,0,0,2,2,0,2,2,21,MINERAL (21),0,NOT APPLICABLE,6,June,6,6,2,Monday,2022,2,2:00am-2:59am,40,40,US-95,NA,2,US Highway,1,Rural,3,Principal Arterial - Other,1,State Highway Agency,1,This section IS ON the NHS,0,No Special Jurisdiction,580,580,38.62293889,38.62293889,-118.74613333,-118.74613333,12,Motor Vehicle In-Transport,2,Front-to-Front,0,No,1,Non-Junction,1,Not an Intersection,1,On Roadway,0,None,2,Dark - Not Lighted,10,Cloudy,0,No,0000000,Not Applicable,99,Unknown,99,Unknown,99,Unknown EMS Scene Arrival Hour,99,Unknown EMS Scene Arrival Minutes,99,Unknown,99,Unknown EMS Hospital Arrival Time,1
32,Nevada,320133,0,0,2,2,0,2,2,3,CLARK (3),0,NOT APPLICABLE,6,June,11,11,7,Saturday,2022,3,3:00am-3:59am,35,35,SR-164,NA,3,State Highway,1,Rural,5,Major Collector,1,State Highway Agency,0,This section IS NOT on the NHS,0,No Special Jurisdiction,30,30,35.48843889,35.48843889,-115.17346111,-115.17346111,1,Rollover/Overturn,0,The First Harmful Event was Not a Collision with a Motor Vehicle in Transport,0,No,1,Non-Junction,1,Not an Intersection,1,On Roadway,0,None,2,Dark - Not Lighted,1,Clear,0,No,0000000,Not Applicable,99,Unknown,98,Unknown if Notified,99,Unknown EMS Scene Arrival Hour,98,Unknown if Arrived,88,Not Applicable (Not Transported),88,Not Applicable (Not Transported),1
32,Nevada,320134,0,0,1,1,0,3,3,510,IND.CITY-CARSON CITY (510),50,CARSON CITY,6,June,14,14,3,Tuesday,2022,23,11:00pm-11:59pm,41,41,I-580N,NA,1,Interstate,2,Urban,1,Interstate,1,State Highway Agency,1,This section IS ON the NHS,0,No Special Jurisdiction,30,30,39.15033333,39.15033333,-119.74485833,-119.74485833,1,Rollover/Overturn,0,The First Harmful Event was Not a Collision with a Motor Vehicle in Transport,1,Yes,18,Through Roadway,1,Not an Intersection,1,On Roadway,0,None,2,Dark - Not Lighted,1,Clear,0,No,0000000,Not Applicable,99,Unknown,99,Unknown,99,Unknown EMS Scene Arrival Hour,99,Unknown EMS Scene Arrival Minutes,99,Unknown,99,Unknown EMS Hospital Arrival Time,1
32,Nevada,320135,1,1,1,1,0,1,1,3,CLARK (3),0,NOT APPLICABLE,6,June,17,17,6,Friday,2022,21,9:00pm-9:59pm,23,23,SR-604,NA,3,State Highway,2,Urban,4,Minor Arterial,1,State Highway Agency,0,This section IS NOT on the NHS,0,No Special Jurisdiction,99998,Not Reported,36.21563889,36.21563889,-115.09683889,-115.09683889,33,Curb,0,The First Harmful Event was Not a Collision with a Motor Vehicle in Transport,0,No,8,Driveway Access Related,1,Not an Intersection,4,On Roadside,0,None,3,Dark - Lighted,1,Clear,0,No,0000000,Not Applicable,99,Unknown,99,Unknown,99,Unknown EMS Scene Arrival Hour,99,Unknown EMS Scene Arrival Minutes,88,Not Applicable (Not Transported),88,Not Applicable (Not Transported),1
32,Nevada,320136,0,0,2,2,0,3,3,3,CLARK (3),0,NOT APPLICABLE,6,June,20,20,2,Monday,2022,22,10:00pm-10:59pm,11,11,N LAMB BLVD,ALTO AVE,8,Other,2,Urban,4,Minor Arterial,2,County Highway Agency,0,This section IS NOT on the NHS,0,No Special Jurisdiction,99998,Not Reported,36.21028056,36.21028056,-115.08017778,-115.08017778,12,Motor Vehicle In-Transport,6,Angle,0,No,2,Intersection,2,Four-Way Intersection,1,On Roadway,0,None,3,Dark - Lighted,1,Clear,0,No,0000000,Not Applicable,99,Unknown,99,Unknown,99,Unknown EMS Scene Arrival Hour,99,Unknown EMS Scene Arrival Minutes,99,Unknown,99,Unknown EMS Hospital Arrival Time,1
32,Nevada,320137,0,0,1,1,0,1,1,31,WASHOE (31),170,RENO,5,May,21,21,7,Saturday,2022,21,9:00pm-9:59pm,21,21,SILVER LAKE RD,NA,8,Other,2,Urban,6,Minor Collector,4,City or Municipal Highway Agency,0,This section IS NOT on the NHS,0,No Special Jurisdiction,99998,Not Reported,39.62464444,39.62464444,-119.88451389,-119.88451389,39,Wall,0,The First Harmful Event was Not a Collision with a Motor Vehicle in Transport,0,No,1,Non-Junction,1,Not an Intersection,4,On Roadside,0,None,3,Dark - Lighted,1,Clear,0,No,0000000,Not Applicable,99,Unknown,99,Unknown,99,Unknown EMS Scene Arrival Hour,99,Unknown EMS Scene Arrival Minutes,99,Unknown,99,Unknown EMS Hospital Arrival Time,1
32,Nevada,320138,1,1,1,1,0,1,1,3,CLARK (3),150,NORTH LAS VEGAS,5,May,15,15,1,Sunday,2022,8,8:00am-8:59am,22,22,E DORRELL LN,N BOSTICK WEIR ST,8,Other,2,Urban,7,Local,4,City or Municipal Highway Agency,0,This section IS NOT on the NHS,0,No Special Jurisdiction,99998,Not Reported,36.28733889,36.28733889,-115.12667778,-115.12667778,9,Pedalcyclist,0,The First Harmful Event was Not a Collision with a Motor Vehicle in Transport,0,No,2,Intersection,3,T-Intersection,1,On Roadway,0,None,1,Daylight,1,Clear,0,No,0000000,Not Applicable,99,Unknown,99,Unknown,99,Unknown EMS Scene Arrival Hour,99,Unknown EMS Scene Arrival Minutes,99,Unknown,99,Unknown EMS Hospital Arrival Time,1
32,Nevada,320139,0,0,1,1,0,1,1,3,CLARK (3),120,LAS VEGAS,6,June,22,22,4,Wednesday,2022,3,3:00am-3:59am,32,32,S HUALAPAI WAY,NA,8,Other,2,Urban,4,Minor Arterial,4,City or Municipal Highway Agency,0,This section IS NOT on the NHS,0,No Special Jurisdiction,99998,Not Reported,36.15609444,36.15609444,-115.31560556,-115.31560556,33,Curb,0,The First Harmful Event was Not a Collision with a Motor Vehicle in Transport,0,No,1,Non-Junction,1,Not an Intersection,4,On Roadside,0,None,3,Dark - Lighted,1,Clear,0,No,0000000,Not Applicable,3,3:00am-3:59am,34,34,3,3:00am-3:59am,41,41,4,4:00am-4:59am,1,1,1
32,Nevada,320140,0,0,1,1,0,3,3,21,MINERAL (21),0,NOT APPLICABLE,6,June,22,22,4,Wednesday,2022,17,5:00pm-5:59pm,25,25,SR-359,NA,3,State Highway,1,Rural,5,Major Collector,1,State Highway Agency,0,This section IS NOT on the NHS,0,No Special Jurisdiction,180,180,38.32583333,38.32583333,-118.58771389,-118.58771389,31,"Post, Pole or Other Supports",0,The First Harmful Event was Not a Collision with a Motor Vehicle in Transport,0,No,1,Non-Junction,1,Not an Intersection,4,On Roadside,0,None,1,Daylight,1,Clear,0,No,0000000,Not Applicable,99,Unknown,99,Unknown,99,Unknown EMS Scene Arrival Hour,99,Unknown EMS Scene Arrival Minutes,99,Unknown,99,Unknown EMS Hospital Arrival Time,1
32,Nevada,320141,0,0,2,2,0,2,2,31,WASHOE (31),190,SPARKS,6,June,16,16,5,Thursday,2022,12,12:00pm-12:59pm,27,27,GLENDALE AVE,NA,8,Other,2,Urban,4,Minor Arterial,4,City or Municipal Highway Agency,0,This section IS NOT on the NHS,0,No Special Jurisdiction,99998,Not Reported,39.52787222,39.52787222,-119.76659444,-119.76659444,12,Motor Vehicle In-Transport,1,Front-to-Rear,0,No,8,Driveway Access Related,1,Not an Intersection,1,On Roadway,0,None,1,Daylight,1,Clear,0,No,0000000,Not Applicable,99,Unknown,99,Unknown,99,Unknown EMS Scene Arrival Hour,99,Unknown EMS Scene Arrival Minutes,99,Unknown,99,Unknown EMS Hospital Arrival Time,1